foundation_stiffness,rotor_core_stiffness,bearing_stiffness
1018554687.5,143945312.5,438671875.0
1018554687.5,235351562.5,438671875.0
1018554687.5,143945312.5,512109375.0
1407226562.5,143945312.5,438671875.0
1407226562.5,235351562.5,512109375.0
518554687.5,243945312.5,638671875.0
518554687.5,135351562.5,638671875.0
518554687.5,243945312.5,712109375.0
907226562.5,243945312.5,638671875.0
907226562.5,135351562.5,712109375.0
1268554687.5,293945312.5,538671875.0
1268554687.5,285351562.5,538671875.0
1268554687.5,293945312.5,612109375.0
657226562.5,293945312.5,538671875.0
657226562.5,285351562.5,612109375.0
768554687.5,193945312.5,738671875.0
768554687.5,185351562.5,738671875.0
768554687.5,193945312.5,412109375.0
1157226562.5,193945312.5,738671875.0
1157226562.5,185351562.5,412109375.0
643554687.5,168945312.5,588671875.0
643554687.5,160351562.5,588671875.0
643554687.5,168945312.5,462109375.0
1282226562.5,168945312.5,588671875.0
1282226562.5,160351562.5,462109375.0
1143554687.5,268945312.5,788671875.0
1143554687.5,260351562.5,788671875.0
1143554687.5,268945312.5,662109375.0
782226562.5,268945312.5,788671875.0
782226562.5,260351562.5,662109375.0
893554687.5,218945312.5,488671875.0
893554687.5,110351562.5,488671875.0
893554687.5,218945312.5,762109375.0
532226562.5,218945312.5,488671875.0
532226562.5,110351562.5,762109375.0
1393554687.5,118945312.5,688671875.0
1393554687.5,210351562.5,688671875.0
1393554687.5,118945312.5,562109375.0
1032226562.5,118945312.5,688671875.0
1032226562.5,210351562.5,562109375.0
549804687.5,112695312.5,476171875.0
549804687.5,191601562.5,476171875.0
549804687.5,112695312.5,649609375.0
750976562.5,112695312.5,476171875.0
750976562.5,191601562.5,649609375.0
1049804687.5,212695312.5,676171875.0
1049804687.5,291601562.5,676171875.0
1049804687.5,212695312.5,449609375.0
1250976562.5,212695312.5,676171875.0
1250976562.5,291601562.5,449609375.0
799804687.5,262695312.5,576171875.0
799804687.5,141601562.5,576171875.0
799804687.5,262695312.5,549609375.0
1000976562.5,262695312.5,576171875.0
1000976562.5,141601562.5,549609375.0
1299804687.5,162695312.5,776171875.0
1299804687.5,241601562.5,776171875.0
1299804687.5,162695312.5,749609375.0
500976562.5,162695312.5,776171875.0
500976562.5,241601562.5,749609375.0
1174804687.5,187695312.5,526171875.0
1174804687.5,216601562.5,526171875.0
1174804687.5,187695312.5,799609375.0
875976562.5,187695312.5,526171875.0
875976562.5,216601562.5,799609375.0
674804687.5,287695312.5,726171875.0
674804687.5,116601562.5,726171875.0
674804687.5,287695312.5,599609375.0
1375976562.5,287695312.5,726171875.0
1375976562.5,116601562.5,599609375.0
1424804687.5,237695312.5,426171875.0
1424804687.5,266601562.5,426171875.0
1424804687.5,237695312.5,499609375.0
1125976562.5,237695312.5,426171875.0
1125976562.5,266601562.5,499609375.0
924804687.5,137695312.5,626171875.0
924804687.5,166601562.5,626171875.0
924804687.5,137695312.5,699609375.0
625976562.5,137695312.5,626171875.0
625976562.5,166601562.5,699609375.0
1487304687.5,125195312.5,551171875.0
1487304687.5,104101562.5,551171875.0
1487304687.5,125195312.5,424609375.0
563476562.5,125195312.5,551171875.0
563476562.5,104101562.5,424609375.0
987304687.5,225195312.5,751171875.0
987304687.5,204101562.5,751171875.0
987304687.5,225195312.5,624609375.0
1063476562.5,225195312.5,751171875.0
1063476562.5,204101562.5,624609375.0
1237304687.5,275195312.5,451171875.0
1237304687.5,154101562.5,451171875.0
1237304687.5,275195312.5,724609375.0
1313476562.5,275195312.5,451171875.0
1313476562.5,154101562.5,724609375.0
737304687.5,175195312.5,651171875.0
737304687.5,254101562.5,651171875.0
737304687.5,175195312.5,524609375.0
813476562.5,175195312.5,651171875.0
813476562.5,254101562.5,524609375.0
862304687.5,150195312.5,401171875.0
862304687.5,279101562.5,401171875.0
862304687.5,150195312.5,574609375.0
688476562.5,150195312.5,401171875.0
688476562.5,279101562.5,574609375.0
1362304687.5,250195312.5,601171875.0
1362304687.5,179101562.5,601171875.0
1362304687.5,250195312.5,774609375.0
1188476562.5,250195312.5,601171875.0
1188476562.5,179101562.5,774609375.0
612304687.5,200195312.5,501171875.0
612304687.5,229101562.5,501171875.0
612304687.5,200195312.5,674609375.0
1438476562.5,200195312.5,501171875.0
1438476562.5,229101562.5,674609375.0
1112304687.5,100195312.5,701171875.0
1112304687.5,129101562.5,701171875.0
1112304687.5,100195312.5,474609375.0
938476562.5,100195312.5,701171875.0
938476562.5,129101562.5,474609375.0
947753906.25,100292968.75,550585937.5
947753906.25,197363281.25,550585937.5
947753906.25,100292968.75,622851562.5
1344238281.25,100292968.75,550585937.5
1344238281.25,197363281.25,622851562.5
1447753906.25,200292968.75,750585937.5
1447753906.25,297363281.25,750585937.5
1447753906.25,200292968.75,422851562.5
844238281.25,200292968.75,750585937.5
844238281.25,297363281.25,422851562.5
697753906.25,250292968.75,450585937.5
697753906.25,147363281.25,450585937.5
697753906.25,250292968.75,522851562.5
594238281.25,250292968.75,450585937.5
594238281.25,147363281.25,522851562.5
1197753906.25,150292968.75,650585937.5
1197753906.25,247363281.25,650585937.5
1197753906.25,150292968.75,722851562.5
1094238281.25,150292968.75,650585937.5
1094238281.25,247363281.25,722851562.5
1322753906.25,175292968.75,400585937.5
1322753906.25,222363281.25,400585937.5
1322753906.25,175292968.75,772851562.5
1469238281.25,175292968.75,400585937.5
1469238281.25,222363281.25,772851562.5
822753906.25,275292968.75,600585937.5
822753906.25,122363281.25,600585937.5
822753906.25,275292968.75,572851562.5
969238281.25,275292968.75,600585937.5
969238281.25,122363281.25,572851562.5
1072753906.25,225292968.75,500585937.5
1072753906.25,272363281.25,500585937.5
1072753906.25,225292968.75,472851562.5
719238281.25,225292968.75,500585937.5
719238281.25,272363281.25,472851562.5
572753906.25,125292968.75,700585937.5
572753906.25,172363281.25,700585937.5
572753906.25,125292968.75,672851562.5
1219238281.25,125292968.75,700585937.5
1219238281.25,172363281.25,672851562.5
1010253906.25,137792968.75,475585937.5
1010253906.25,109863281.25,475585937.5
1010253906.25,137792968.75,447851562.5
1031738281.25,137792968.75,475585937.5
1031738281.25,109863281.25,447851562.5
510253906.25,237792968.75,675585937.5
510253906.25,209863281.25,675585937.5
510253906.25,237792968.75,647851562.5
531738281.25,237792968.75,675585937.5
531738281.25,209863281.25,647851562.5
1260253906.25,287792968.75,575585937.5
1260253906.25,159863281.25,575585937.5
1260253906.25,287792968.75,747851562.5
781738281.25,287792968.75,575585937.5
781738281.25,159863281.25,747851562.5
760253906.25,187792968.75,775585937.5
760253906.25,259863281.25,775585937.5
760253906.25,187792968.75,547851562.5
1281738281.25,187792968.75,775585937.5
1281738281.25,259863281.25,547851562.5
635253906.25,162792968.75,525585937.5
635253906.25,284863281.25,525585937.5
635253906.25,162792968.75,597851562.5
1156738281.25,162792968.75,525585937.5
1156738281.25,284863281.25,597851562.5
1135253906.25,262792968.75,725585937.5
1135253906.25,184863281.25,725585937.5
1135253906.25,262792968.75,797851562.5
656738281.25,262792968.75,725585937.5
656738281.25,184863281.25,797851562.5
885253906.25,212792968.75,425585937.5
885253906.25,234863281.25,425585937.5
885253906.25,212792968.75,697851562.5
906738281.25,212792968.75,425585937.5
906738281.25,234863281.25,697851562.5
1385253906.25,112792968.75,625585937.5
1385253906.25,134863281.25,625585937.5
1385253906.25,112792968.75,497851562.5
1406738281.25,112792968.75,625585937.5
1406738281.25,134863281.25,497851562.5
541503906.25,119042968.75,438085937.5
541503906.25,266113281.25,438085937.5
541503906.25,119042968.75,710351562.5
625488281.25,119042968.75,438085937.5
625488281.25,266113281.25,710351562.5
1041503906.25,219042968.75,638085937.5
1041503906.25,166113281.25,638085937.5
1041503906.25,219042968.75,510351562.5
1125488281.25,219042968.75,638085937.5
1125488281.25,166113281.25,510351562.5
791503906.25,269042968.75,538085937.5
791503906.25,216113281.25,538085937.5
791503906.25,269042968.75,410351562.5
1375488281.25,269042968.75,538085937.5
1375488281.25,216113281.25,410351562.5
1291503906.25,169042968.75,738085937.5
1291503906.25,116113281.25,738085937.5
1291503906.25,169042968.75,610351562.5
875488281.25,169042968.75,738085937.5
875488281.25,116113281.25,610351562.5
1166503906.25,194042968.75,588085937.5
1166503906.25,141113281.25,588085937.5
1166503906.25,194042968.75,660351562.5
500488281.25,194042968.75,588085937.5
500488281.25,141113281.25,660351562.5
666503906.25,294042968.75,788085937.5
666503906.25,241113281.25,788085937.5
666503906.25,294042968.75,460351562.5
1000488281.25,294042968.75,788085937.5
1000488281.25,241113281.25,460351562.5
1416503906.25,244042968.75,488085937.5
1416503906.25,191113281.25,488085937.5
1416503906.25,244042968.75,560351562.5
1250488281.25,244042968.75,488085937.5
1250488281.25,191113281.25,560351562.5
916503906.25,144042968.75,688085937.5
916503906.25,291113281.25,688085937.5
916503906.25,144042968.75,760351562.5
750488281.25,144042968.75,688085937.5
750488281.25,291113281.25,760351562.5
1479003906.25,131542968.75,513085937.5
1479003906.25,228613281.25,513085937.5
1479003906.25,131542968.75,535351562.5
937988281.25,131542968.75,513085937.5
937988281.25,228613281.25,535351562.5
979003906.25,231542968.75,713085937.5
979003906.25,128613281.25,713085937.5
979003906.25,231542968.75,735351562.5
1437988281.25,231542968.75,713085937.5
1437988281.25,128613281.25,735351562.5
1229003906.25,281542968.75,413085937.5
1229003906.25,278613281.25,413085937.5
1229003906.25,281542968.75,635351562.5
1187988281.25,281542968.75,413085937.5
1187988281.25,278613281.25,635351562.5
729003906.25,181542968.75,613085937.5
729003906.25,178613281.25,613085937.5
729003906.25,181542968.75,435351562.5
687988281.25,181542968.75,613085937.5
687988281.25,178613281.25,435351562.5
854003906.25,156542968.75,463085937.5
854003906.25,153613281.25,463085937.5
854003906.25,156542968.75,485351562.5
812988281.25,156542968.75,463085937.5
812988281.25,153613281.25,485351562.5
1354003906.25,256542968.75,663085937.5
1354003906.25,253613281.25,663085937.5
1354003906.25,256542968.75,685351562.5
1312988281.25,256542968.75,663085937.5
1312988281.25,253613281.25,685351562.5
604003906.25,206542968.75,563085937.5
604003906.25,103613281.25,563085937.5
604003906.25,206542968.75,785351562.5
1062988281.25,206542968.75,563085937.5
1062988281.25,103613281.25,785351562.5
1104003906.25,106542968.75,763085937.5
1104003906.25,203613281.25,763085937.5
1104003906.25,106542968.75,585351562.5
562988281.25,106542968.75,763085937.5
562988281.25,203613281.25,585351562.5
1275878906.25,109667968.75,456835937.5
1275878906.25,287988281.25,456835937.5
1275878906.25,109667968.75,666601562.5
703613281.25,109667968.75,456835937.5
703613281.25,287988281.25,666601562.5
775878906.25,209667968.75,656835937.5
775878906.25,187988281.25,656835937.5
775878906.25,209667968.75,466601562.5
1203613281.25,209667968.75,656835937.5
1203613281.25,187988281.25,466601562.5
1025878906.25,259667968.75,556835937.5
1025878906.25,237988281.25,556835937.5
1025878906.25,259667968.75,566601562.5
1453613281.25,259667968.75,556835937.5
1453613281.25,237988281.25,566601562.5
525878906.25,159667968.75,756835937.5
525878906.25,137988281.25,756835937.5
525878906.25,159667968.75,766601562.5
953613281.25,159667968.75,756835937.5
953613281.25,137988281.25,766601562.5
900878906.25,184667968.75,506835937.5
900878906.25,112988281.25,506835937.5
900878906.25,184667968.75,716601562.5
578613281.25,184667968.75,506835937.5
578613281.25,112988281.25,716601562.5
1400878906.25,284667968.75,706835937.5
1400878906.25,212988281.25,706835937.5
1400878906.25,284667968.75,516601562.5
1078613281.25,284667968.75,706835937.5
1078613281.25,212988281.25,516601562.5
650878906.25,234667968.75,406835937.5
650878906.25,162988281.25,406835937.5
650878906.25,234667968.75,416601562.5
1328613281.25,234667968.75,406835937.5
1328613281.25,162988281.25,416601562.5
1150878906.25,134667968.75,606835937.5
1150878906.25,262988281.25,606835937.5
1150878906.25,134667968.75,616601562.5
828613281.25,134667968.75,606835937.5
828613281.25,262988281.25,616601562.5
713378906.25,147167968.75,581835937.5
713378906.25,200488281.25,581835937.5
713378906.25,147167968.75,491601562.5
891113281.25,147167968.75,581835937.5
891113281.25,200488281.25,491601562.5
1213378906.25,247167968.75,781835937.5
1213378906.25,100488281.25,781835937.5
1213378906.25,247167968.75,691601562.5
1391113281.25,247167968.75,781835937.5
1391113281.25,100488281.25,691601562.5
963378906.25,297167968.75,481835937.5
963378906.25,250488281.25,481835937.5
963378906.25,297167968.75,791601562.5
1141113281.25,297167968.75,481835937.5
1141113281.25,250488281.25,791601562.5
1463378906.25,197167968.75,681835937.5
1463378906.25,150488281.25,681835937.5
1463378906.25,197167968.75,591601562.5
641113281.25,197167968.75,681835937.5
641113281.25,150488281.25,591601562.5
1088378906.25,172167968.75,431835937.5
1088378906.25,175488281.25,431835937.5
1088378906.25,172167968.75,541601562.5
766113281.25,172167968.75,431835937.5
766113281.25,175488281.25,541601562.5
588378906.25,272167968.75,631835937.5
588378906.25,275488281.25,631835937.5
588378906.25,272167968.75,741601562.5
1266113281.25,272167968.75,631835937.5
1266113281.25,275488281.25,741601562.5
1338378906.25,222167968.75,531835937.5
1338378906.25,125488281.25,531835937.5
1338378906.25,222167968.75,641601562.5
1016113281.25,222167968.75,531835937.5
1016113281.25,125488281.25,641601562.5
838378906.25,122167968.75,731835937.5
838378906.25,225488281.25,731835937.5
838378906.25,122167968.75,441601562.5
516113281.25,122167968.75,731835937.5
516113281.25,225488281.25,441601562.5
1244628906.25,115917968.75,544335937.5
1244628906.25,169238281.25,544335937.5
1244628906.25,115917968.75,754101562.5
1297363281.25,115917968.75,544335937.5
1297363281.25,169238281.25,754101562.5
744628906.25,215917968.75,744335937.5
744628906.25,269238281.25,744335937.5
744628906.25,215917968.75,554101562.5
797363281.25,215917968.75,744335937.5
797363281.25,269238281.25,554101562.5
1494628906.25,265917968.75,444335937.5
1494628906.25,119238281.25,444335937.5
1494628906.25,265917968.75,454101562.5
547363281.25,265917968.75,444335937.5
547363281.25,119238281.25,454101562.5
994628906.25,165917968.75,644335937.5
994628906.25,219238281.25,644335937.5
994628906.25,165917968.75,654101562.5
1047363281.25,165917968.75,644335937.5
1047363281.25,219238281.25,654101562.5
619628906.25,190917968.75,494335937.5
619628906.25,244238281.25,494335937.5
619628906.25,190917968.75,604101562.5
1422363281.25,190917968.75,494335937.5
1422363281.25,244238281.25,604101562.5
1119628906.25,290917968.75,694335937.5
1119628906.25,144238281.25,694335937.5
1119628906.25,290917968.75,404101562.5
922363281.25,290917968.75,694335937.5
922363281.25,144238281.25,404101562.5
869628906.25,240917968.75,594335937.5
869628906.25,294238281.25,594335937.5
869628906.25,240917968.75,504101562.5
672363281.25,240917968.75,594335937.5
672363281.25,294238281.25,504101562.5
1369628906.25,140917968.75,794335937.5
1369628906.25,194238281.25,794335937.5
1369628906.25,140917968.75,704101562.5
1172363281.25,140917968.75,794335937.5
1172363281.25,194238281.25,704101562.5
807128906.25,128417968.75,419335937.5
807128906.25,131738281.25,419335937.5
807128906.25,128417968.75,579101562.5
1109863281.25,128417968.75,419335937.5
1109863281.25,131738281.25,579101562.5
1307128906.25,228417968.75,619335937.5
1307128906.25,231738281.25,619335937.5
1307128906.25,228417968.75,779101562.5
609863281.25,228417968.75,619335937.5
609863281.25,231738281.25,779101562.5
557128906.25,278417968.75,519335937.5
557128906.25,181738281.25,519335937.5
557128906.25,278417968.75,679101562.5
859863281.25,278417968.75,519335937.5
859863281.25,181738281.25,679101562.5
1057128906.25,178417968.75,719335937.5
1057128906.25,281738281.25,719335937.5
1057128906.25,178417968.75,479101562.5
1359863281.25,178417968.75,719335937.5
1359863281.25,281738281.25,479101562.5
1432128906.25,153417968.75,569335937.5
1432128906.25,256738281.25,569335937.5
1432128906.25,153417968.75,429101562.5
1234863281.25,153417968.75,569335937.5
1234863281.25,256738281.25,429101562.5
932128906.25,253417968.75,769335937.5
932128906.25,156738281.25,769335937.5
932128906.25,253417968.75,629101562.5
734863281.25,253417968.75,769335937.5
734863281.25,156738281.25,629101562.5
1182128906.25,203417968.75,469335937.5
1182128906.25,206738281.25,469335937.5
1182128906.25,203417968.75,729101562.5
984863281.25,203417968.75,469335937.5
984863281.25,206738281.25,729101562.5
682128906.25,103417968.75,669335937.5
682128906.25,106738281.25,669335937.5
682128906.25,103417968.75,529101562.5
1484863281.25,103417968.75,669335937.5
1484863281.25,106738281.25,529101562.5
1127441406.25,104980468.75,409960937.5
1127441406.25,233300781.25,409960937.5
1127441406.25,104980468.75,463476562.5
1164550781.25,104980468.75,409960937.5
1164550781.25,233300781.25,463476562.5
627441406.25,204980468.75,609960937.5
627441406.25,133300781.25,609960937.5
627441406.25,204980468.75,663476562.5
664550781.25,204980468.75,609960937.5
664550781.25,133300781.25,663476562.5
1377441406.25,254980468.75,509960937.5
1377441406.25,283300781.25,509960937.5
1377441406.25,254980468.75,763476562.5
914550781.25,254980468.75,509960937.5
914550781.25,283300781.25,763476562.5
877441406.25,154980468.75,709960937.5
877441406.25,183300781.25,709960937.5
877441406.25,154980468.75,563476562.5
1414550781.25,154980468.75,709960937.5
1414550781.25,183300781.25,563476562.5
502441406.25,179980468.75,559960937.5
502441406.25,158300781.25,559960937.5
502441406.25,179980468.75,513476562.5
1039550781.25,179980468.75,559960937.5
1039550781.25,158300781.25,513476562.5
1002441406.25,279980468.75,759960937.5
1002441406.25,258300781.25,759960937.5
1002441406.25,279980468.75,713476562.5
539550781.25,279980468.75,759960937.5
539550781.25,258300781.25,713476562.5
752441406.25,229980468.75,459960937.5
752441406.25,108300781.25,459960937.5
752441406.25,229980468.75,613476562.5
789550781.25,229980468.75,459960937.5
789550781.25,108300781.25,613476562.5
1252441406.25,129980468.75,659960937.5
1252441406.25,208300781.25,659960937.5
1252441406.25,129980468.75,413476562.5
1289550781.25,129980468.75,659960937.5
1289550781.25,208300781.25,413476562.5
814941406.25,142480468.75,534960937.5
814941406.25,270800781.25,534960937.5
814941406.25,142480468.75,688476562.5
1477050781.25,142480468.75,534960937.5
1477050781.25,270800781.25,688476562.5
1314941406.25,242480468.75,734960937.5
1314941406.25,170800781.25,734960937.5
1314941406.25,242480468.75,488476562.5
977050781.25,242480468.75,734960937.5
977050781.25,170800781.25,488476562.5
564941406.25,292480468.75,434960937.5
564941406.25,220800781.25,434960937.5
564941406.25,292480468.75,588476562.5
727050781.25,292480468.75,434960937.5
727050781.25,220800781.25,588476562.5
1064941406.25,192480468.75,634960937.5
1064941406.25,120800781.25,634960937.5
1064941406.25,192480468.75,788476562.5
1227050781.25,192480468.75,634960937.5
1227050781.25,120800781.25,788476562.5
1439941406.25,167480468.75,484960937.5
1439941406.25,145800781.25,484960937.5
1439941406.25,167480468.75,738476562.5
1352050781.25,167480468.75,484960937.5
1352050781.25,145800781.25,738476562.5
939941406.25,267480468.75,684960937.5
939941406.25,245800781.25,684960937.5
939941406.25,267480468.75,538476562.5
852050781.25,267480468.75,684960937.5
852050781.25,245800781.25,538476562.5
1189941406.25,217480468.75,584960937.5
1189941406.25,195800781.25,584960937.5
1189941406.25,217480468.75,438476562.5
602050781.25,217480468.75,584960937.5
602050781.25,195800781.25,438476562.5
689941406.25,117480468.75,784960937.5
689941406.25,295800781.25,784960937.5
689941406.25,117480468.75,638476562.5
1102050781.25,117480468.75,784960937.5
1102050781.25,295800781.25,638476562.5
1346191406.25,123730468.75,597460937.5
1346191406.25,102050781.25,597460937.5
1346191406.25,123730468.75,550976562.5
820800781.25,123730468.75,597460937.5
820800781.25,102050781.25,550976562.5
846191406.25,223730468.75,797460937.5
846191406.25,202050781.25,797460937.5
846191406.25,223730468.75,750976562.5
1320800781.25,223730468.75,797460937.5
1320800781.25,202050781.25,750976562.5
1096191406.25,273730468.75,497460937.5
1096191406.25,152050781.25,497460937.5
1096191406.25,273730468.75,650976562.5
1070800781.25,273730468.75,497460937.5
1070800781.25,152050781.25,650976562.5
596191406.25,173730468.75,697460937.5
596191406.25,252050781.25,697460937.5
596191406.25,173730468.75,450976562.5
570800781.25,173730468.75,697460937.5
570800781.25,252050781.25,450976562.5
971191406.25,198730468.75,447460937.5
971191406.25,277050781.25,447460937.5
971191406.25,198730468.75,400976562.5
945800781.25,198730468.75,447460937.5
945800781.25,277050781.25,400976562.5
1471191406.25,298730468.75,647460937.5
1471191406.25,177050781.25,647460937.5
1471191406.25,298730468.75,600976562.5
1445800781.25,298730468.75,647460937.5
1445800781.25,177050781.25,600976562.5
721191406.25,248730468.75,547460937.5
721191406.25,227050781.25,547460937.5
721191406.25,248730468.75,700976562.5
1195800781.25,248730468.75,547460937.5
1195800781.25,227050781.25,700976562.5
1221191406.25,148730468.75,747460937.5
1221191406.25,127050781.25,747460937.5
1221191406.25,148730468.75,500976562.5
695800781.25,148730468.75,747460937.5
695800781.25,127050781.25,500976562.5
658691406.25,136230468.75,472460937.5
658691406.25,189550781.25,472460937.5
658691406.25,136230468.75,775976562.5
508300781.25,136230468.75,472460937.5
508300781.25,189550781.25,775976562.5
1158691406.25,236230468.75,672460937.5
1158691406.25,289550781.25,672460937.5
1158691406.25,236230468.75,575976562.5
1008300781.25,236230468.75,672460937.5
1008300781.25,289550781.25,575976562.5
908691406.25,286230468.75,572460937.5
908691406.25,139550781.25,572460937.5
908691406.25,286230468.75,475976562.5
1258300781.25,286230468.75,572460937.5
1258300781.25,139550781.25,475976562.5
1408691406.25,186230468.75,772460937.5
1408691406.25,239550781.25,772460937.5
1408691406.25,186230468.75,675976562.5
758300781.25,186230468.75,772460937.5
758300781.25,239550781.25,675976562.5
1033691406.25,161230468.75,522460937.5
1033691406.25,214550781.25,522460937.5
1033691406.25,161230468.75,625976562.5
633300781.25,161230468.75,522460937.5
633300781.25,214550781.25,625976562.5
533691406.25,261230468.75,722460937.5
533691406.25,114550781.25,722460937.5
533691406.25,261230468.75,425976562.5
1133300781.25,261230468.75,722460937.5
1133300781.25,114550781.25,425976562.5
1283691406.25,211230468.75,422460937.5
1283691406.25,264550781.25,422460937.5
1283691406.25,211230468.75,525976562.5
1383300781.25,211230468.75,422460937.5
1383300781.25,264550781.25,525976562.5
783691406.25,111230468.75,622460937.5
783691406.25,164550781.25,622460937.5
783691406.25,111230468.75,725976562.5
883300781.25,111230468.75,622460937.5
883300781.25,164550781.25,725976562.5
580566406.25,108105468.75,503710937.5
580566406.25,130175781.25,503710937.5
580566406.25,108105468.75,419726562.5
773925781.25,108105468.75,503710937.5
773925781.25,130175781.25,419726562.5
1080566406.25,208105468.75,703710937.5
1080566406.25,230175781.25,703710937.5
1080566406.25,208105468.75,619726562.5
1273925781.25,208105468.75,703710937.5
1273925781.25,230175781.25,619726562.5
830566406.25,258105468.75,403710937.5
830566406.25,180175781.25,403710937.5
830566406.25,258105468.75,719726562.5
1023925781.25,258105468.75,403710937.5
1023925781.25,180175781.25,719726562.5
1330566406.25,158105468.75,603710937.5
1330566406.25,280175781.25,603710937.5
1330566406.25,158105468.75,519726562.5
523925781.25,158105468.75,603710937.5
523925781.25,280175781.25,519726562.5
1205566406.25,183105468.75,453710937.5
1205566406.25,255175781.25,453710937.5
1205566406.25,183105468.75,569726562.5
898925781.25,183105468.75,453710937.5
898925781.25,255175781.25,569726562.5
705566406.25,283105468.75,653710937.5
705566406.25,155175781.25,653710937.5
705566406.25,283105468.75,769726562.5
1398925781.25,283105468.75,653710937.5
1398925781.25,155175781.25,769726562.5
1455566406.25,233105468.75,553710937.5
1455566406.25,205175781.25,553710937.5
1455566406.25,233105468.75,669726562.5
1148925781.25,233105468.75,553710937.5
1148925781.25,205175781.25,669726562.5
955566406.25,133105468.75,753710937.5
955566406.25,105175781.25,753710937.5
955566406.25,133105468.75,469726562.5
648925781.25,133105468.75,753710937.5
648925781.25,105175781.25,469726562.5
1393066406.25,145605468.75,428710937.5
1393066406.25,167675781.25,428710937.5
1393066406.25,145605468.75,644726562.5
586425781.25,145605468.75,428710937.5
586425781.25,167675781.25,644726562.5
893066406.25,245605468.75,628710937.5
893066406.25,267675781.25,628710937.5
893066406.25,245605468.75,444726562.5
1086425781.25,245605468.75,628710937.5
1086425781.25,267675781.25,444726562.5
1143066406.25,295605468.75,528710937.5
1143066406.25,117675781.25,528710937.5
1143066406.25,295605468.75,544726562.5
1336425781.25,295605468.75,528710937.5
1336425781.25,117675781.25,544726562.5
643066406.25,195605468.75,728710937.5
643066406.25,217675781.25,728710937.5
643066406.25,195605468.75,744726562.5
836425781.25,195605468.75,728710937.5
836425781.25,217675781.25,744726562.5
768066406.25,170605468.75,578710937.5
768066406.25,242675781.25,578710937.5
768066406.25,170605468.75,794726562.5
711425781.25,170605468.75,578710937.5
711425781.25,242675781.25,794726562.5
1268066406.25,270605468.75,778710937.5
1268066406.25,142675781.25,778710937.5
1268066406.25,270605468.75,594726562.5
1211425781.25,270605468.75,778710937.5
1211425781.25,142675781.25,594726562.5
518066406.25,220605468.75,478710937.5
518066406.25,292675781.25,478710937.5
518066406.25,220605468.75,494726562.5
1461425781.25,220605468.75,478710937.5
1461425781.25,292675781.25,494726562.5
1018066406.25,120605468.75,678710937.5
1018066406.25,192675781.25,678710937.5
1018066406.25,120605468.75,694726562.5
961425781.25,120605468.75,678710937.5
961425781.25,192675781.25,694726562.5
924316406.25,114355468.75,491210937.5
924316406.25,211425781.25,491210937.5
924316406.25,114355468.75,507226562.5
1242675781.25,114355468.75,491210937.5
1242675781.25,211425781.25,507226562.5
1424316406.25,214355468.75,691210937.5
1424316406.25,111425781.25,691210937.5
1424316406.25,214355468.75,707226562.5
742675781.25,214355468.75,691210937.5
742675781.25,111425781.25,707226562.5
674316406.25,264355468.75,591210937.5
674316406.25,261425781.25,591210937.5
674316406.25,264355468.75,607226562.5
992675781.25,264355468.75,591210937.5
992675781.25,261425781.25,607226562.5
1174316406.25,164355468.75,791210937.5
1174316406.25,161425781.25,791210937.5
1174316406.25,164355468.75,407226562.5
1492675781.25,164355468.75,791210937.5
1492675781.25,161425781.25,407226562.5
1299316406.25,189355468.75,541210937.5
1299316406.25,186425781.25,541210937.5
1299316406.25,189355468.75,457226562.5
1117675781.25,189355468.75,541210937.5
1117675781.25,186425781.25,457226562.5
799316406.25,289355468.75,741210937.5
799316406.25,286425781.25,741210937.5
799316406.25,289355468.75,657226562.5
617675781.25,289355468.75,741210937.5
617675781.25,286425781.25,657226562.5
1049316406.25,239355468.75,441210937.5
1049316406.25,136425781.25,441210937.5
1049316406.25,239355468.75,757226562.5
867675781.25,239355468.75,441210937.5
867675781.25,136425781.25,757226562.5
549316406.25,139355468.75,641210937.5
549316406.25,236425781.25,641210937.5
549316406.25,139355468.75,557226562.5
1367675781.25,139355468.75,641210937.5
1367675781.25,236425781.25,557226562.5
1111816406.25,126855468.75,566210937.5
1111816406.25,298925781.25,566210937.5
1111816406.25,126855468.75,732226562.5
1430175781.25,126855468.75,566210937.5
1430175781.25,298925781.25,732226562.5
611816406.25,226855468.75,766210937.5
611816406.25,198925781.25,766210937.5
611816406.25,226855468.75,532226562.5
930175781.25,226855468.75,766210937.5
930175781.25,198925781.25,532226562.5
1361816406.25,276855468.75,466210937.5
1361816406.25,248925781.25,466210937.5
1361816406.25,276855468.75,432226562.5
680175781.25,276855468.75,466210937.5
680175781.25,248925781.25,432226562.5
861816406.25,176855468.75,666210937.5
861816406.25,148925781.25,666210937.5
861816406.25,176855468.75,632226562.5
1180175781.25,176855468.75,666210937.5
1180175781.25,148925781.25,632226562.5
736816406.25,151855468.75,416210937.5
736816406.25,123925781.25,416210937.5
736816406.25,151855468.75,682226562.5
1305175781.25,151855468.75,416210937.5
1305175781.25,123925781.25,682226562.5
1236816406.25,251855468.75,616210937.5
1236816406.25,223925781.25,616210937.5
1236816406.25,251855468.75,482226562.5
805175781.25,251855468.75,616210937.5
805175781.25,223925781.25,482226562.5
986816406.25,201855468.75,516210937.5
986816406.25,173925781.25,516210937.5
986816406.25,201855468.75,582226562.5
555175781.25,201855468.75,516210937.5
555175781.25,173925781.25,582226562.5
1486816406.25,101855468.75,716210937.5
1486816406.25,273925781.25,716210937.5
1486816406.25,101855468.75,782226562.5
1055175781.25,101855468.75,716210937.5
1055175781.25,273925781.25,782226562.5
725097656.25,102636718.75,483398437.5
725097656.25,160644531.25,483398437.5
725097656.25,102636718.75,565039062.5
957519531.25,102636718.75,483398437.5
957519531.25,160644531.25,565039062.5
1225097656.25,202636718.75,683398437.5
1225097656.25,260644531.25,683398437.5
1225097656.25,202636718.75,765039062.5
1457519531.25,202636718.75,683398437.5
1457519531.25,260644531.25,765039062.5
975097656.25,252636718.75,583398437.5
975097656.25,110644531.25,583398437.5
975097656.25,252636718.75,665039062.5
1207519531.25,252636718.75,583398437.5
1207519531.25,110644531.25,665039062.5
1475097656.25,152636718.75,783398437.5
1475097656.25,210644531.25,783398437.5
1475097656.25,152636718.75,465039062.5
707519531.25,152636718.75,783398437.5
707519531.25,210644531.25,465039062.5
1100097656.25,177636718.75,533398437.5
1100097656.25,235644531.25,533398437.5
1100097656.25,177636718.75,415039062.5
832519531.25,177636718.75,533398437.5
832519531.25,235644531.25,415039062.5
600097656.25,277636718.75,733398437.5
600097656.25,135644531.25,733398437.5
600097656.25,277636718.75,615039062.5
1332519531.25,277636718.75,733398437.5
1332519531.25,135644531.25,615039062.5
1350097656.25,227636718.75,433398437.5
1350097656.25,285644531.25,433398437.5
1350097656.25,227636718.75,715039062.5
1082519531.25,227636718.75,433398437.5
1082519531.25,285644531.25,715039062.5
850097656.25,127636718.75,633398437.5
850097656.25,185644531.25,633398437.5
850097656.25,127636718.75,515039062.5
582519531.25,127636718.75,633398437.5
582519531.25,185644531.25,515039062.5
1287597656.25,140136718.75,558398437.5
1287597656.25,148144531.25,558398437.5
1287597656.25,140136718.75,790039062.5
645019531.25,140136718.75,558398437.5
645019531.25,148144531.25,790039062.5
787597656.25,240136718.75,758398437.5
787597656.25,248144531.25,758398437.5
787597656.25,240136718.75,590039062.5
1145019531.25,240136718.75,758398437.5
1145019531.25,248144531.25,590039062.5
1037597656.25,290136718.75,458398437.5
1037597656.25,198144531.25,458398437.5
1037597656.25,290136718.75,490039062.5
1395019531.25,290136718.75,458398437.5
1395019531.25,198144531.25,490039062.5
537597656.25,190136718.75,658398437.5
537597656.25,298144531.25,658398437.5
537597656.25,190136718.75,690039062.5
895019531.25,190136718.75,658398437.5
895019531.25,298144531.25,690039062.5
912597656.25,165136718.75,408398437.5
912597656.25,273144531.25,408398437.5
912597656.25,165136718.75,640039062.5
520019531.25,165136718.75,408398437.5
520019531.25,273144531.25,640039062.5
1412597656.25,265136718.75,608398437.5
1412597656.25,173144531.25,608398437.5
1412597656.25,265136718.75,440039062.5
1020019531.25,265136718.75,608398437.5
1020019531.25,173144531.25,440039062.5
662597656.25,215136718.75,508398437.5
662597656.25,223144531.25,508398437.5
662597656.25,215136718.75,540039062.5
1270019531.25,215136718.75,508398437.5
1270019531.25,223144531.25,540039062.5
1162597656.25,115136718.75,708398437.5
1162597656.25,123144531.25,708398437.5
1162597656.25,115136718.75,740039062.5
770019531.25,115136718.75,708398437.5
770019531.25,123144531.25,740039062.5
756347656.25,121386718.75,520898437.5
756347656.25,279394531.25,520898437.5
756347656.25,121386718.75,452539062.5
1051269531.25,121386718.75,520898437.5
1051269531.25,279394531.25,452539062.5
1256347656.25,221386718.75,720898437.5
1256347656.25,179394531.25,720898437.5
1256347656.25,221386718.75,652539062.5
551269531.25,221386718.75,720898437.5
551269531.25,179394531.25,652539062.5
506347656.25,271386718.75,420898437.5
506347656.25,229394531.25,420898437.5
506347656.25,271386718.75,752539062.5
801269531.25,271386718.75,420898437.5
801269531.25,229394531.25,752539062.5
1006347656.25,171386718.75,620898437.5
1006347656.25,129394531.25,620898437.5
1006347656.25,171386718.75,552539062.5
1301269531.25,171386718.75,620898437.5
1301269531.25,129394531.25,552539062.5
1381347656.25,196386718.75,470898437.5
1381347656.25,104394531.25,470898437.5
1381347656.25,196386718.75,502539062.5
1176269531.25,196386718.75,470898437.5
1176269531.25,104394531.25,502539062.5
881347656.25,296386718.75,670898437.5
881347656.25,204394531.25,670898437.5
881347656.25,296386718.75,702539062.5
676269531.25,296386718.75,670898437.5
676269531.25,204394531.25,702539062.5
1131347656.25,246386718.75,570898437.5
1131347656.25,154394531.25,570898437.5
1131347656.25,246386718.75,602539062.5
926269531.25,246386718.75,570898437.5
926269531.25,154394531.25,602539062.5
631347656.25,146386718.75,770898437.5
631347656.25,254394531.25,770898437.5
631347656.25,146386718.75,402539062.5
1426269531.25,146386718.75,770898437.5
1426269531.25,254394531.25,402539062.5
1193847656.25,133886718.75,445898437.5
1193847656.25,216894531.25,445898437.5
1193847656.25,133886718.75,677539062.5
1363769531.25,133886718.75,445898437.5
1363769531.25,216894531.25,677539062.5
693847656.25,233886718.75,645898437.5
693847656.25,116894531.25,645898437.5
693847656.25,233886718.75,477539062.5
863769531.25,233886718.75,645898437.5
863769531.25,116894531.25,477539062.5
1443847656.25,283886718.75,545898437.5
1443847656.25,266894531.25,545898437.5
1443847656.25,283886718.75,577539062.5
613769531.25,283886718.75,545898437.5
613769531.25,266894531.25,577539062.5
943847656.25,183886718.75,745898437.5
943847656.25,166894531.25,745898437.5
943847656.25,183886718.75,777539062.5
1113769531.25,183886718.75,745898437.5
1113769531.25,166894531.25,777539062.5
568847656.25,158886718.75,595898437.5
568847656.25,191894531.25,595898437.5
568847656.25,158886718.75,727539062.5
1488769531.25,158886718.75,595898437.5
1488769531.25,191894531.25,727539062.5
1068847656.25,258886718.75,795898437.5
1068847656.25,291894531.25,795898437.5
1068847656.25,258886718.75,527539062.5
988769531.25,258886718.75,795898437.5
988769531.25,291894531.25,527539062.5
818847656.25,208886718.75,495898437.5
818847656.25,141894531.25,495898437.5
818847656.25,208886718.75,427539062.5
738769531.25,208886718.75,495898437.5
738769531.25,141894531.25,427539062.5
1318847656.25,108886718.75,695898437.5
1318847656.25,241894531.25,695898437.5
1318847656.25,108886718.75,627539062.5
1238769531.25,108886718.75,695898437.5
1238769531.25,241894531.25,627539062.5
1053222656.25,112011718.75,577148437.5
1053222656.25,251269531.25,577148437.5
1053222656.25,112011718.75,521289062.5
1098144531.25,112011718.75,577148437.5
1098144531.25,251269531.25,521289062.5
553222656.25,212011718.75,777148437.5
553222656.25,151269531.25,777148437.5
553222656.25,212011718.75,721289062.5
598144531.25,212011718.75,777148437.5
598144531.25,151269531.25,721289062.5
1303222656.25,262011718.75,477148437.5
1303222656.25,201269531.25,477148437.5
1303222656.25,262011718.75,621289062.5
848144531.25,262011718.75,477148437.5
848144531.25,201269531.25,621289062.5
803222656.25,162011718.75,677148437.5
803222656.25,101269531.25,677148437.5
803222656.25,162011718.75,421289062.5
1348144531.25,162011718.75,677148437.5
1348144531.25,101269531.25,421289062.5
678222656.25,187011718.75,427148437.5
678222656.25,126269531.25,427148437.5
678222656.25,187011718.75,471289062.5
1223144531.25,187011718.75,427148437.5
1223144531.25,126269531.25,471289062.5
1178222656.25,287011718.75,627148437.5
1178222656.25,226269531.25,627148437.5
1178222656.25,287011718.75,671289062.5
723144531.25,287011718.75,627148437.5
723144531.25,226269531.25,671289062.5
928222656.25,237011718.75,527148437.5
928222656.25,176269531.25,527148437.5
928222656.25,237011718.75,771289062.5
973144531.25,237011718.75,527148437.5
973144531.25,176269531.25,771289062.5
1428222656.25,137011718.75,727148437.5
1428222656.25,276269531.25,727148437.5
1428222656.25,137011718.75,571289062.5
1473144531.25,137011718.75,727148437.5
1473144531.25,276269531.25,571289062.5
990722656.25,149511718.75,452148437.5
990722656.25,238769531.25,452148437.5
990722656.25,149511718.75,746289062.5
1285644531.25,149511718.75,452148437.5
1285644531.25,238769531.25,746289062.5
1490722656.25,249511718.75,652148437.5
1490722656.25,138769531.25,652148437.5
1490722656.25,249511718.75,546289062.5
785644531.25,249511718.75,652148437.5
785644531.25,138769531.25,546289062.5
740722656.25,299511718.75,552148437.5
740722656.25,288769531.25,552148437.5
740722656.25,299511718.75,446289062.5
535644531.25,299511718.75,552148437.5
535644531.25,288769531.25,446289062.5
1240722656.25,199511718.75,752148437.5
1240722656.25,188769531.25,752148437.5
1240722656.25,199511718.75,646289062.5
1035644531.25,199511718.75,752148437.5
1035644531.25,188769531.25,646289062.5
1365722656.25,174511718.75,502148437.5
1365722656.25,163769531.25,502148437.5
1365722656.25,174511718.75,696289062.5
1410644531.25,174511718.75,502148437.5
1410644531.25,163769531.25,696289062.5
865722656.25,274511718.75,702148437.5
865722656.25,263769531.25,702148437.5
865722656.25,274511718.75,496289062.5
910644531.25,274511718.75,702148437.5
910644531.25,263769531.25,496289062.5
1115722656.25,224511718.75,402148437.5
1115722656.25,113769531.25,402148437.5
1115722656.25,224511718.75,596289062.5
660644531.25,224511718.75,402148437.5
660644531.25,113769531.25,596289062.5
615722656.25,124511718.75,602148437.5
615722656.25,213769531.25,602148437.5
615722656.25,124511718.75,796289062.5
1160644531.25,124511718.75,602148437.5
1160644531.25,213769531.25,796289062.5
1459472656.25,118261718.75,414648437.5
1459472656.25,182519531.25,414648437.5
1459472656.25,118261718.75,408789062.5
879394531.25,118261718.75,414648437.5
879394531.25,182519531.25,408789062.5
959472656.25,218261718.75,614648437.5
959472656.25,282519531.25,614648437.5
959472656.25,218261718.75,608789062.5
1379394531.25,218261718.75,614648437.5
1379394531.25,282519531.25,608789062.5
1209472656.25,268261718.75,514648437.5
1209472656.25,132519531.25,514648437.5
1209472656.25,268261718.75,708789062.5
1129394531.25,268261718.75,514648437.5
1129394531.25,132519531.25,708789062.5
709472656.25,168261718.75,714648437.5
709472656.25,232519531.25,714648437.5
709472656.25,168261718.75,508789062.5
629394531.25,168261718.75,714648437.5
629394531.25,232519531.25,508789062.5
834472656.25,193261718.75,564648437.5
834472656.25,207519531.25,564648437.5
834472656.25,193261718.75,558789062.5
754394531.25,193261718.75,564648437.5
754394531.25,207519531.25,558789062.5
1334472656.25,293261718.75,764648437.5
1334472656.25,107519531.25,764648437.5
1334472656.25,293261718.75,758789062.5
1254394531.25,293261718.75,764648437.5
1254394531.25,107519531.25,758789062.5
584472656.25,243261718.75,464648437.5
584472656.25,257519531.25,464648437.5
584472656.25,243261718.75,658789062.5
1004394531.25,243261718.75,464648437.5
1004394531.25,257519531.25,658789062.5
1084472656.25,143261718.75,664648437.5
1084472656.25,157519531.25,664648437.5
1084472656.25,143261718.75,458789062.5
504394531.25,143261718.75,664648437.5
504394531.25,157519531.25,458789062.5
521972656.25,130761718.75,539648437.5
521972656.25,120019531.25,539648437.5
521972656.25,130761718.75,633789062.5
691894531.25,130761718.75,539648437.5
691894531.25,120019531.25,633789062.5
1021972656.25,230761718.75,739648437.5
1021972656.25,220019531.25,739648437.5
1021972656.25,230761718.75,433789062.5
1191894531.25,230761718.75,739648437.5
1191894531.25,220019531.25,433789062.5
771972656.25,280761718.75,439648437.5
771972656.25,170019531.25,439648437.5
771972656.25,280761718.75,533789062.5
1441894531.25,280761718.75,439648437.5
1441894531.25,170019531.25,533789062.5
1271972656.25,180761718.75,639648437.5
1271972656.25,270019531.25,639648437.5
1271972656.25,180761718.75,733789062.5
941894531.25,180761718.75,639648437.5
941894531.25,270019531.25,733789062.5
1146972656.25,155761718.75,489648437.5
1146972656.25,295019531.25,489648437.5
1146972656.25,155761718.75,783789062.5
566894531.25,155761718.75,489648437.5
566894531.25,295019531.25,783789062.5
646972656.25,255761718.75,689648437.5
646972656.25,195019531.25,689648437.5
646972656.25,255761718.75,583789062.5
1066894531.25,255761718.75,689648437.5
1066894531.25,195019531.25,583789062.5
1396972656.25,205761718.75,589648437.5
1396972656.25,245019531.25,589648437.5
1396972656.25,205761718.75,483789062.5
1316894531.25,205761718.75,589648437.5
1316894531.25,245019531.25,483789062.5
896972656.25,105761718.75,789648437.5
896972656.25,145019531.25,789648437.5
896972656.25,105761718.75,683789062.5
816894531.25,105761718.75,789648437.5
816894531.25,145019531.25,683789062.5
1420410156.25,104199218.75,530273437.5
1420410156.25,221582031.25,530273437.5
1420410156.25,104199218.75,724414062.5
527832031.25,104199218.75,530273437.5
527832031.25,221582031.25,724414062.5
920410156.25,204199218.75,730273437.5
920410156.25,121582031.25,730273437.5
920410156.25,204199218.75,524414062.5
1027832031.25,204199218.75,730273437.5
1027832031.25,121582031.25,524414062.5
1170410156.25,254199218.75,430273437.5
1170410156.25,271582031.25,430273437.5
1170410156.25,254199218.75,424414062.5
1277832031.25,254199218.75,430273437.5
1277832031.25,271582031.25,424414062.5
670410156.25,154199218.75,630273437.5
670410156.25,171582031.25,630273437.5
670410156.25,154199218.75,624414062.5
777832031.25,154199218.75,630273437.5
777832031.25,171582031.25,624414062.5
795410156.25,179199218.75,480273437.5
795410156.25,196582031.25,480273437.5
795410156.25,179199218.75,674414062.5
652832031.25,179199218.75,480273437.5
652832031.25,196582031.25,674414062.5
1295410156.25,279199218.75,680273437.5
1295410156.25,296582031.25,680273437.5
1295410156.25,279199218.75,474414062.5
1152832031.25,279199218.75,680273437.5
1152832031.25,296582031.25,474414062.5
545410156.25,229199218.75,580273437.5
545410156.25,146582031.25,580273437.5
545410156.25,229199218.75,574414062.5
1402832031.25,229199218.75,580273437.5
1402832031.25,146582031.25,574414062.5
1045410156.25,129199218.75,780273437.5
1045410156.25,246582031.25,780273437.5
1045410156.25,129199218.75,774414062.5
902832031.25,129199218.75,780273437.5
902832031.25,246582031.25,774414062.5
607910156.25,141699218.75,405273437.5
607910156.25,284082031.25,405273437.5
607910156.25,141699218.75,549414062.5
840332031.25,141699218.75,405273437.5
840332031.25,284082031.25,549414062.5
1107910156.25,241699218.75,605273437.5
1107910156.25,184082031.25,605273437.5
1107910156.25,241699218.75,749414062.5
1340332031.25,241699218.75,605273437.5
1340332031.25,184082031.25,749414062.5
857910156.25,291699218.75,505273437.5
857910156.25,234082031.25,505273437.5
857910156.25,291699218.75,649414062.5
1090332031.25,291699218.75,505273437.5
1090332031.25,234082031.25,649414062.5
1357910156.25,191699218.75,705273437.5
1357910156.25,134082031.25,705273437.5
1357910156.25,191699218.75,449414062.5
590332031.25,191699218.75,705273437.5
590332031.25,134082031.25,449414062.5
1232910156.25,166699218.75,555273437.5
1232910156.25,109082031.25,555273437.5
1232910156.25,166699218.75,499414062.5
965332031.25,166699218.75,555273437.5
965332031.25,109082031.25,499414062.5
732910156.25,266699218.75,755273437.5
732910156.25,209082031.25,755273437.5
732910156.25,266699218.75,699414062.5
1465332031.25,266699218.75,755273437.5
1465332031.25,209082031.25,699414062.5
1482910156.25,216699218.75,455273437.5
1482910156.25,159082031.25,455273437.5
1482910156.25,216699218.75,799414062.5
1215332031.25,216699218.75,455273437.5
1215332031.25,159082031.25,799414062.5
982910156.25,116699218.75,655273437.5
982910156.25,259082031.25,655273437.5
982910156.25,116699218.75,599414062.5
715332031.25,116699218.75,655273437.5
715332031.25,259082031.25,599414062.5
1076660156.25,122949218.75,467773437.5
1076660156.25,140332031.25,467773437.5
1076660156.25,122949218.75,611914062.5
1496582031.25,122949218.75,467773437.5
1496582031.25,140332031.25,611914062.5
576660156.25,222949218.75,667773437.5
576660156.25,240332031.25,667773437.5
576660156.25,222949218.75,411914062.5
996582031.25,222949218.75,667773437.5
996582031.25,240332031.25,411914062.5
1326660156.25,272949218.75,567773437.5
1326660156.25,190332031.25,567773437.5
1326660156.25,272949218.75,511914062.5
746582031.25,272949218.75,567773437.5
746582031.25,190332031.25,511914062.5
826660156.25,172949218.75,767773437.5
826660156.25,290332031.25,767773437.5
826660156.25,172949218.75,711914062.5
1246582031.25,172949218.75,767773437.5
1246582031.25,290332031.25,711914062.5
701660156.25,197949218.75,517773437.5
701660156.25,265332031.25,517773437.5
701660156.25,197949218.75,761914062.5
1371582031.25,197949218.75,517773437.5
1371582031.25,265332031.25,761914062.5
1201660156.25,297949218.75,717773437.5
1201660156.25,165332031.25,717773437.5
1201660156.25,297949218.75,561914062.5
871582031.25,297949218.75,717773437.5
871582031.25,165332031.25,561914062.5
951660156.25,247949218.75,417773437.5
951660156.25,215332031.25,417773437.5
951660156.25,247949218.75,461914062.5
621582031.25,247949218.75,417773437.5
621582031.25,215332031.25,461914062.5
1451660156.25,147949218.75,617773437.5
1451660156.25,115332031.25,617773437.5
1451660156.25,147949218.75,661914062.5
1121582031.25,147949218.75,617773437.5
1121582031.25,115332031.25,661914062.5
889160156.25,135449218.75,592773437.5
889160156.25,152832031.25,592773437.5
889160156.25,135449218.75,436914062.5
1184082031.25,135449218.75,592773437.5
1184082031.25,152832031.25,436914062.5
1389160156.25,235449218.75,792773437.5
1389160156.25,252832031.25,792773437.5
1389160156.25,235449218.75,636914062.5
684082031.25,235449218.75,792773437.5
684082031.25,252832031.25,636914062.5
639160156.25,285449218.75,492773437.5
639160156.25,102832031.25,492773437.5
639160156.25,285449218.75,736914062.5
934082031.25,285449218.75,492773437.5
934082031.25,102832031.25,736914062.5
1139160156.25,185449218.75,692773437.5
1139160156.25,202832031.25,692773437.5
1139160156.25,185449218.75,536914062.5
1434082031.25,185449218.75,692773437.5
1434082031.25,202832031.25,536914062.5
1264160156.25,160449218.75,442773437.5
1264160156.25,227832031.25,442773437.5
1264160156.25,160449218.75,586914062.5
1059082031.25,160449218.75,442773437.5
1059082031.25,227832031.25,586914062.5
764160156.25,260449218.75,642773437.5
764160156.25,127832031.25,642773437.5
764160156.25,260449218.75,786914062.5
559082031.25,260449218.75,642773437.5
559082031.25,127832031.25,786914062.5
1014160156.25,210449218.75,542773437.5
1014160156.25,277832031.25,542773437.5
1014160156.25,210449218.75,686914062.5
809082031.25,210449218.75,542773437.5
809082031.25,277832031.25,686914062.5
514160156.25,110449218.75,742773437.5
514160156.25,177832031.25,742773437.5
514160156.25,110449218.75,486914062.5
1309082031.25,110449218.75,742773437.5
1309082031.25,177832031.25,486914062.5
873535156.25,107324218.75,436523437.5
873535156.25,118457031.25,436523437.5
873535156.25,107324218.75,768164062.5
1418457031.25,107324218.75,436523437.5
1418457031.25,118457031.25,768164062.5
1373535156.25,207324218.75,636523437.5
1373535156.25,218457031.25,636523437.5
1373535156.25,207324218.75,568164062.5
918457031.25,207324218.75,636523437.5
918457031.25,218457031.25,568164062.5
623535156.25,257324218.75,536523437.5
623535156.25,168457031.25,536523437.5
623535156.25,257324218.75,468164062.5
668457031.25,257324218.75,536523437.5
668457031.25,168457031.25,468164062.5
1123535156.25,157324218.75,736523437.5
1123535156.25,268457031.25,736523437.5
1123535156.25,157324218.75,668164062.5
1168457031.25,157324218.75,736523437.5
1168457031.25,268457031.25,668164062.5
1498535156.25,182324218.75,586523437.5
1498535156.25,293457031.25,586523437.5
1498535156.25,182324218.75,618164062.5
1293457031.25,182324218.75,586523437.5
1293457031.25,293457031.25,618164062.5
998535156.25,282324218.75,786523437.5
998535156.25,193457031.25,786523437.5
998535156.25,282324218.75,418164062.5
793457031.25,282324218.75,786523437.5
793457031.25,193457031.25,418164062.5
1248535156.25,232324218.75,486523437.5
1248535156.25,243457031.25,486523437.5
1248535156.25,232324218.75,518164062.5
543457031.25,232324218.75,486523437.5
543457031.25,243457031.25,518164062.5
748535156.25,132324218.75,686523437.5
748535156.25,143457031.25,686523437.5
748535156.25,132324218.75,718164062.5
1043457031.25,132324218.75,686523437.5
1043457031.25,143457031.25,718164062.5
1186035156.25,144824218.75,511523437.5
1186035156.25,180957031.25,511523437.5
1186035156.25,144824218.75,593164062.5
1230957031.25,144824218.75,511523437.5
1230957031.25,180957031.25,593164062.5
686035156.25,244824218.75,711523437.5
686035156.25,280957031.25,711523437.5
686035156.25,244824218.75,793164062.5
730957031.25,244824218.75,711523437.5
730957031.25,280957031.25,793164062.5
1436035156.25,294824218.75,411523437.5
1436035156.25,130957031.25,411523437.5
1436035156.25,294824218.75,693164062.5
980957031.25,294824218.75,411523437.5
980957031.25,130957031.25,693164062.5
936035156.25,194824218.75,611523437.5
936035156.25,230957031.25,611523437.5
936035156.25,194824218.75,493164062.5
1480957031.25,194824218.75,611523437.5
1480957031.25,230957031.25,493164062.5
561035156.25,169824218.75,461523437.5
561035156.25,205957031.25,461523437.5
561035156.25,169824218.75,443164062.5
1105957031.25,169824218.75,461523437.5
1105957031.25,205957031.25,443164062.5
1061035156.25,269824218.75,661523437.5
1061035156.25,105957031.25,661523437.5
1061035156.25,269824218.75,643164062.5
605957031.25,269824218.75,661523437.5
605957031.25,105957031.25,643164062.5
811035156.25,219824218.75,561523437.5
811035156.25,255957031.25,561523437.5
811035156.25,219824218.75,743164062.5
855957031.25,219824218.75,561523437.5
855957031.25,255957031.25,743164062.5
1311035156.25,119824218.75,761523437.5
1311035156.25,155957031.25,761523437.5
1311035156.25,119824218.75,543164062.5
1355957031.25,119824218.75,761523437.5
1355957031.25,155957031.25,543164062.5
654785156.25,113574218.75,574023437.5
654785156.25,249707031.25,574023437.5
654785156.25,113574218.75,655664062.5
574707031.25,113574218.75,574023437.5
574707031.25,249707031.25,655664062.5
1154785156.25,213574218.75,774023437.5
1154785156.25,149707031.25,774023437.5
1154785156.25,213574218.75,455664062.5
1074707031.25,213574218.75,774023437.5
1074707031.25,149707031.25,455664062.5
904785156.25,263574218.75,474023437.5
904785156.25,299707031.25,474023437.5
904785156.25,263574218.75,555664062.5
1324707031.25,263574218.75,474023437.5
1324707031.25,299707031.25,555664062.5
1404785156.25,163574218.75,674023437.5
1404785156.25,199707031.25,674023437.5
1404785156.25,163574218.75,755664062.5
824707031.25,163574218.75,674023437.5
824707031.25,199707031.25,755664062.5
1029785156.25,188574218.75,424023437.5
1029785156.25,174707031.25,424023437.5
1029785156.25,188574218.75,705664062.5
699707031.25,188574218.75,424023437.5
699707031.25,174707031.25,705664062.5
529785156.25,288574218.75,624023437.5
529785156.25,274707031.25,624023437.5
529785156.25,288574218.75,505664062.5
1199707031.25,288574218.75,624023437.5
1199707031.25,274707031.25,505664062.5
1279785156.25,238574218.75,524023437.5
1279785156.25,124707031.25,524023437.5
1279785156.25,238574218.75,405664062.5
1449707031.25,238574218.75,524023437.5
1449707031.25,124707031.25,405664062.5
779785156.25,138574218.75,724023437.5
779785156.25,224707031.25,724023437.5
779785156.25,138574218.75,605664062.5
949707031.25,138574218.75,724023437.5
949707031.25,224707031.25,605664062.5
1342285156.25,126074218.75,499023437.5
1342285156.25,262207031.25,499023437.5
1342285156.25,126074218.75,480664062.5
762207031.25,126074218.75,499023437.5
762207031.25,262207031.25,480664062.5
842285156.25,226074218.75,699023437.5
842285156.25,162207031.25,699023437.5
842285156.25,226074218.75,680664062.5
1262207031.25,226074218.75,699023437.5
1262207031.25,162207031.25,680664062.5
1092285156.25,276074218.75,599023437.5
1092285156.25,212207031.25,599023437.5
1092285156.25,276074218.75,780664062.5
1012207031.25,276074218.75,599023437.5
1012207031.25,212207031.25,780664062.5
592285156.25,176074218.75,799023437.5
592285156.25,112207031.25,799023437.5
592285156.25,176074218.75,580664062.5
512207031.25,176074218.75,799023437.5
512207031.25,112207031.25,580664062.5
967285156.25,151074218.75,549023437.5
967285156.25,137207031.25,549023437.5
967285156.25,151074218.75,530664062.5
887207031.25,151074218.75,549023437.5
887207031.25,137207031.25,530664062.5
1467285156.25,251074218.75,749023437.5
1467285156.25,237207031.25,749023437.5
1467285156.25,251074218.75,730664062.5
1387207031.25,251074218.75,749023437.5
1387207031.25,237207031.25,730664062.5
717285156.25,201074218.75,449023437.5
717285156.25,187207031.25,449023437.5
717285156.25,201074218.75,630664062.5
1137207031.25,201074218.75,449023437.5
1137207031.25,187207031.25,630664062.5
1217285156.25,101074218.75,649023437.5
1217285156.25,287207031.25,649023437.5
1217285156.25,101074218.75,430664062.5
637207031.25,101074218.75,649023437.5
637207031.25,287207031.25,430664062.5
1371582031.25,101464843.75,449804687.5
1371582031.25,143066406.25,449804687.5
1371582031.25,101464843.75,514257812.5
1264160156.25,101464843.75,449804687.5
1264160156.25,143066406.25,514257812.5
871582031.25,201464843.75,649804687.5
871582031.25,243066406.25,649804687.5
871582031.25,201464843.75,714257812.5
764160156.25,201464843.75,649804687.5
764160156.25,243066406.25,714257812.5
1121582031.25,251464843.75,549804687.5
1121582031.25,193066406.25,549804687.5
1121582031.25,251464843.75,614257812.5
514160156.25,251464843.75,549804687.5
514160156.25,193066406.25,614257812.5
621582031.25,151464843.75,749804687.5
621582031.25,293066406.25,749804687.5
621582031.25,151464843.75,414257812.5
1014160156.25,151464843.75,749804687.5
1014160156.25,293066406.25,414257812.5
996582031.25,176464843.75,599804687.5
996582031.25,268066406.25,599804687.5
996582031.25,176464843.75,464257812.5
1389160156.25,176464843.75,599804687.5
1389160156.25,268066406.25,464257812.5
1496582031.25,276464843.75,799804687.5
1496582031.25,168066406.25,799804687.5
1496582031.25,276464843.75,664257812.5
889160156.25,276464843.75,799804687.5
889160156.25,168066406.25,664257812.5
746582031.25,226464843.75,499804687.5
746582031.25,218066406.25,499804687.5
746582031.25,226464843.75,764257812.5
639160156.25,226464843.75,499804687.5
639160156.25,218066406.25,764257812.5
1246582031.25,126464843.75,699804687.5
1246582031.25,118066406.25,699804687.5
1246582031.25,126464843.75,564257812.5
1139160156.25,126464843.75,699804687.5
1139160156.25,118066406.25,564257812.5
684082031.25,138964843.75,524804687.5
684082031.25,155566406.25,524804687.5
684082031.25,138964843.75,739257812.5
1076660156.25,138964843.75,524804687.5
1076660156.25,155566406.25,739257812.5
1184082031.25,238964843.75,724804687.5
1184082031.25,255566406.25,724804687.5
1184082031.25,238964843.75,539257812.5
576660156.25,238964843.75,724804687.5
576660156.25,255566406.25,539257812.5
934082031.25,288964843.75,424804687.5
934082031.25,105566406.25,424804687.5
934082031.25,288964843.75,439257812.5
826660156.25,288964843.75,424804687.5
826660156.25,105566406.25,439257812.5
1434082031.25,188964843.75,624804687.5
1434082031.25,205566406.25,624804687.5
1434082031.25,188964843.75,639257812.5
1326660156.25,188964843.75,624804687.5
1326660156.25,205566406.25,639257812.5
1059082031.25,163964843.75,474804687.5
1059082031.25,230566406.25,474804687.5
1059082031.25,163964843.75,689257812.5
1201660156.25,163964843.75,474804687.5
1201660156.25,230566406.25,689257812.5
559082031.25,263964843.75,674804687.5
559082031.25,130566406.25,674804687.5
559082031.25,263964843.75,489257812.5
701660156.25,263964843.75,674804687.5
701660156.25,130566406.25,489257812.5
1309082031.25,213964843.75,574804687.5
1309082031.25,280566406.25,574804687.5
1309082031.25,213964843.75,589257812.5
951660156.25,213964843.75,574804687.5
951660156.25,280566406.25,589257812.5
809082031.25,113964843.75,774804687.5
809082031.25,180566406.25,774804687.5
809082031.25,113964843.75,789257812.5
1451660156.25,113964843.75,774804687.5
1451660156.25,180566406.25,789257812.5
1152832031.25,120214843.75,562304687.5
1152832031.25,224316406.25,562304687.5
1152832031.25,120214843.75,401757812.5
732910156.25,120214843.75,562304687.5
732910156.25,224316406.25,401757812.5
652832031.25,220214843.75,762304687.5
652832031.25,124316406.25,762304687.5
652832031.25,220214843.75,601757812.5
1232910156.25,220214843.75,762304687.5
1232910156.25,124316406.25,601757812.5
1402832031.25,270214843.75,462304687.5
1402832031.25,274316406.25,462304687.5
1402832031.25,270214843.75,701757812.5
1482910156.25,270214843.75,462304687.5
1482910156.25,274316406.25,701757812.5
902832031.25,170214843.75,662304687.5
902832031.25,174316406.25,662304687.5
902832031.25,170214843.75,501757812.5
982910156.25,170214843.75,662304687.5
982910156.25,174316406.25,501757812.5
527832031.25,195214843.75,412304687.5
527832031.25,199316406.25,412304687.5
527832031.25,195214843.75,551757812.5
607910156.25,195214843.75,412304687.5
607910156.25,199316406.25,551757812.5
1027832031.25,295214843.75,612304687.5
1027832031.25,299316406.25,612304687.5
1027832031.25,295214843.75,751757812.5
1107910156.25,295214843.75,612304687.5
1107910156.25,299316406.25,751757812.5
777832031.25,245214843.75,512304687.5
777832031.25,149316406.25,512304687.5
777832031.25,245214843.75,651757812.5
1357910156.25,245214843.75,512304687.5
1357910156.25,149316406.25,651757812.5
1277832031.25,145214843.75,712304687.5
1277832031.25,249316406.25,712304687.5
1277832031.25,145214843.75,451757812.5
857910156.25,145214843.75,712304687.5
857910156.25,249316406.25,451757812.5
840332031.25,132714843.75,487304687.5
840332031.25,286816406.25,487304687.5
840332031.25,132714843.75,626757812.5
920410156.25,132714843.75,487304687.5
920410156.25,286816406.25,626757812.5
1340332031.25,232714843.75,687304687.5
1340332031.25,186816406.25,687304687.5
1340332031.25,232714843.75,426757812.5
1420410156.25,232714843.75,687304687.5
1420410156.25,186816406.25,426757812.5
590332031.25,282714843.75,587304687.5
590332031.25,236816406.25,587304687.5
590332031.25,282714843.75,526757812.5
1170410156.25,282714843.75,587304687.5
1170410156.25,236816406.25,526757812.5
1090332031.25,182714843.75,787304687.5
1090332031.25,136816406.25,787304687.5
1090332031.25,182714843.75,726757812.5
670410156.25,182714843.75,787304687.5
670410156.25,136816406.25,726757812.5
1465332031.25,157714843.75,537304687.5
1465332031.25,111816406.25,537304687.5
1465332031.25,157714843.75,776757812.5
795410156.25,157714843.75,537304687.5
795410156.25,111816406.25,776757812.5
965332031.25,257714843.75,737304687.5
965332031.25,211816406.25,737304687.5
965332031.25,257714843.75,576757812.5
1295410156.25,257714843.75,737304687.5
1295410156.25,211816406.25,576757812.5
1215332031.25,207714843.75,437304687.5
1215332031.25,161816406.25,437304687.5
1215332031.25,207714843.75,476757812.5
1045410156.25,207714843.75,437304687.5
1045410156.25,161816406.25,476757812.5
715332031.25,107714843.75,637304687.5
715332031.25,261816406.25,637304687.5
715332031.25,107714843.75,676757812.5
545410156.25,107714843.75,637304687.5
545410156.25,261816406.25,676757812.5
918457031.25,110839843.75,543554687.5
918457031.25,246191406.25,543554687.5
918457031.25,110839843.75,570507812.5
686035156.25,110839843.75,543554687.5
686035156.25,246191406.25,570507812.5
1418457031.25,210839843.75,743554687.5
1418457031.25,146191406.25,743554687.5
1418457031.25,210839843.75,770507812.5
1186035156.25,210839843.75,743554687.5
1186035156.25,146191406.25,770507812.5
668457031.25,260839843.75,443554687.5
668457031.25,296191406.25,443554687.5
668457031.25,260839843.75,670507812.5
1436035156.25,260839843.75,443554687.5
1436035156.25,296191406.25,670507812.5
1168457031.25,160839843.75,643554687.5
1168457031.25,196191406.25,643554687.5
1168457031.25,160839843.75,470507812.5
936035156.25,160839843.75,643554687.5
936035156.25,196191406.25,470507812.5
1293457031.25,185839843.75,493554687.5
1293457031.25,171191406.25,493554687.5
1293457031.25,185839843.75,420507812.5
561035156.25,185839843.75,493554687.5
561035156.25,171191406.25,420507812.5
793457031.25,285839843.75,693554687.5
793457031.25,271191406.25,693554687.5
793457031.25,285839843.75,620507812.5
1061035156.25,285839843.75,693554687.5
1061035156.25,271191406.25,620507812.5
1043457031.25,235839843.75,593554687.5
1043457031.25,121191406.25,593554687.5
1043457031.25,235839843.75,720507812.5
1311035156.25,235839843.75,593554687.5
1311035156.25,121191406.25,720507812.5
543457031.25,135839843.75,793554687.5
543457031.25,221191406.25,793554687.5
543457031.25,135839843.75,520507812.5
811035156.25,135839843.75,793554687.5
811035156.25,221191406.25,520507812.5
1105957031.25,148339843.75,418554687.5
1105957031.25,258691406.25,418554687.5
1105957031.25,148339843.75,795507812.5
998535156.25,148339843.75,418554687.5
998535156.25,258691406.25,795507812.5
605957031.25,248339843.75,618554687.5
605957031.25,158691406.25,618554687.5
605957031.25,248339843.75,595507812.5
1498535156.25,248339843.75,618554687.5
1498535156.25,158691406.25,595507812.5
1355957031.25,298339843.75,518554687.5
1355957031.25,208691406.25,518554687.5
1355957031.25,298339843.75,495507812.5
1248535156.25,298339843.75,518554687.5
1248535156.25,208691406.25,495507812.5
855957031.25,198339843.75,718554687.5
855957031.25,108691406.25,718554687.5
855957031.25,198339843.75,695507812.5
748535156.25,198339843.75,718554687.5
748535156.25,108691406.25,695507812.5
730957031.25,173339843.75,568554687.5
730957031.25,133691406.25,568554687.5
730957031.25,173339843.75,645507812.5
873535156.25,173339843.75,568554687.5
873535156.25,133691406.25,645507812.5
1230957031.25,273339843.75,768554687.5
1230957031.25,233691406.25,768554687.5
1230957031.25,273339843.75,445507812.5
1373535156.25,273339843.75,768554687.5
1373535156.25,233691406.25,445507812.5
980957031.25,223339843.75,468554687.5
980957031.25,183691406.25,468554687.5
980957031.25,223339843.75,545507812.5
1123535156.25,223339843.75,468554687.5
1123535156.25,183691406.25,545507812.5
1480957031.25,123339843.75,668554687.5
1480957031.25,283691406.25,668554687.5
1480957031.25,123339843.75,745507812.5
623535156.25,123339843.75,668554687.5
623535156.25,283691406.25,745507812.5
574707031.25,117089843.75,456054687.5
574707031.25,114941406.25,456054687.5
574707031.25,117089843.75,458007812.5
1342285156.25,117089843.75,456054687.5
1342285156.25,114941406.25,458007812.5
1074707031.25,217089843.75,656054687.5
1074707031.25,214941406.25,656054687.5
1074707031.25,217089843.75,658007812.5
842285156.25,217089843.75,656054687.5
842285156.25,214941406.25,658007812.5
824707031.25,267089843.75,556054687.5
824707031.25,164941406.25,556054687.5
824707031.25,267089843.75,758007812.5
592285156.25,267089843.75,556054687.5
592285156.25,164941406.25,758007812.5
1324707031.25,167089843.75,756054687.5
1324707031.25,264941406.25,756054687.5
1324707031.25,167089843.75,558007812.5
1092285156.25,167089843.75,756054687.5
1092285156.25,264941406.25,558007812.5
1199707031.25,192089843.75,506054687.5
1199707031.25,289941406.25,506054687.5
1199707031.25,192089843.75,508007812.5
1467285156.25,192089843.75,506054687.5
1467285156.25,289941406.25,508007812.5
699707031.25,292089843.75,706054687.5
699707031.25,189941406.25,706054687.5
699707031.25,292089843.75,708007812.5
967285156.25,292089843.75,706054687.5
967285156.25,189941406.25,708007812.5
1449707031.25,242089843.75,406054687.5
1449707031.25,239941406.25,406054687.5
1449707031.25,242089843.75,608007812.5
717285156.25,242089843.75,406054687.5
717285156.25,239941406.25,608007812.5
949707031.25,142089843.75,606054687.5
949707031.25,139941406.25,606054687.5
949707031.25,142089843.75,408007812.5
1217285156.25,142089843.75,606054687.5
1217285156.25,139941406.25,408007812.5
1387207031.25,129589843.75,581054687.5
1387207031.25,177441406.25,581054687.5
1387207031.25,129589843.75,683007812.5
1029785156.25,129589843.75,581054687.5
1029785156.25,177441406.25,683007812.5
887207031.25,229589843.75,781054687.5
887207031.25,277441406.25,781054687.5
887207031.25,229589843.75,483007812.5
529785156.25,229589843.75,781054687.5
529785156.25,277441406.25,483007812.5
1137207031.25,279589843.75,481054687.5
1137207031.25,127441406.25,481054687.5
1137207031.25,279589843.75,583007812.5
779785156.25,279589843.75,481054687.5
779785156.25,127441406.25,583007812.5
637207031.25,179589843.75,681054687.5
637207031.25,227441406.25,681054687.5
637207031.25,179589843.75,783007812.5
1279785156.25,179589843.75,681054687.5
1279785156.25,227441406.25,783007812.5
762207031.25,154589843.75,431054687.5
762207031.25,202441406.25,431054687.5
762207031.25,154589843.75,733007812.5
1154785156.25,154589843.75,431054687.5
1154785156.25,202441406.25,733007812.5
1262207031.25,254589843.75,631054687.5
1262207031.25,102441406.25,631054687.5
1262207031.25,254589843.75,533007812.5
654785156.25,254589843.75,631054687.5
654785156.25,102441406.25,533007812.5
512207031.25,204589843.75,531054687.5
512207031.25,252441406.25,531054687.5
512207031.25,204589843.75,433007812.5
904785156.25,204589843.75,531054687.5
904785156.25,252441406.25,433007812.5
1012207031.25,104589843.75,731054687.5
1012207031.25,152441406.25,731054687.5
1012207031.25,104589843.75,633007812.5
1404785156.25,104589843.75,731054687.5
1404785156.25,152441406.25,633007812.5
551269531.25,106152343.75,590429687.5
551269531.25,275878906.25,590429687.5
551269531.25,106152343.75,773632812.5
1193847656.25,106152343.75,590429687.5
1193847656.25,275878906.25,773632812.5
1051269531.25,206152343.75,790429687.5
1051269531.25,175878906.25,790429687.5
1051269531.25,206152343.75,573632812.5
693847656.25,206152343.75,790429687.5
693847656.25,175878906.25,573632812.5
801269531.25,256152343.75,490429687.5
801269531.25,225878906.25,490429687.5
801269531.25,256152343.75,473632812.5
943847656.25,256152343.75,490429687.5
943847656.25,225878906.25,473632812.5
1301269531.25,156152343.75,690429687.5
1301269531.25,125878906.25,690429687.5
1301269531.25,156152343.75,673632812.5
1443847656.25,156152343.75,690429687.5
1443847656.25,125878906.25,673632812.5
1176269531.25,181152343.75,440429687.5
1176269531.25,100878906.25,440429687.5
1176269531.25,181152343.75,623632812.5
1068847656.25,181152343.75,440429687.5
1068847656.25,100878906.25,623632812.5
676269531.25,281152343.75,640429687.5
676269531.25,200878906.25,640429687.5
676269531.25,281152343.75,423632812.5
568847656.25,281152343.75,640429687.5
568847656.25,200878906.25,423632812.5
1426269531.25,231152343.75,540429687.5
1426269531.25,150878906.25,540429687.5
1426269531.25,231152343.75,523632812.5
818847656.25,231152343.75,540429687.5
818847656.25,150878906.25,523632812.5
926269531.25,131152343.75,740429687.5
926269531.25,250878906.25,740429687.5
926269531.25,131152343.75,723632812.5
1318847656.25,131152343.75,740429687.5
1318847656.25,250878906.25,723632812.5
1488769531.25,143652343.75,465429687.5
1488769531.25,213378906.25,465429687.5
1488769531.25,143652343.75,598632812.5
1381347656.25,143652343.75,465429687.5
1381347656.25,213378906.25,598632812.5
988769531.25,243652343.75,665429687.5
988769531.25,113378906.25,665429687.5
988769531.25,243652343.75,798632812.5
881347656.25,243652343.75,665429687.5
881347656.25,113378906.25,798632812.5
1238769531.25,293652343.75,565429687.5
1238769531.25,263378906.25,565429687.5
1238769531.25,293652343.75,698632812.5
631347656.25,293652343.75,565429687.5
631347656.25,263378906.25,698632812.5
738769531.25,193652343.75,765429687.5
738769531.25,163378906.25,765429687.5
738769531.25,193652343.75,498632812.5
1131347656.25,193652343.75,765429687.5
1131347656.25,163378906.25,498632812.5
863769531.25,168652343.75,515429687.5
863769531.25,188378906.25,515429687.5
863769531.25,168652343.75,448632812.5
1256347656.25,168652343.75,515429687.5
1256347656.25,188378906.25,448632812.5
1363769531.25,268652343.75,715429687.5
1363769531.25,288378906.25,715429687.5
1363769531.25,268652343.75,648632812.5
756347656.25,268652343.75,715429687.5
756347656.25,288378906.25,648632812.5
613769531.25,218652343.75,415429687.5
613769531.25,138378906.25,415429687.5
613769531.25,218652343.75,748632812.5
506347656.25,218652343.75,415429687.5
506347656.25,138378906.25,748632812.5
1113769531.25,118652343.75,615429687.5
1113769531.25,238378906.25,615429687.5
1113769531.25,118652343.75,548632812.5
1006347656.25,118652343.75,615429687.5
1006347656.25,238378906.25,548632812.5
957519531.25,124902343.75,402929687.5
957519531.25,157128906.25,402929687.5
957519531.25,124902343.75,661132812.5
787597656.25,124902343.75,402929687.5
787597656.25,157128906.25,661132812.5
1457519531.25,224902343.75,602929687.5
1457519531.25,257128906.25,602929687.5
1457519531.25,224902343.75,461132812.5
1287597656.25,224902343.75,602929687.5
1287597656.25,257128906.25,461132812.5
707519531.25,274902343.75,502929687.5
707519531.25,107128906.25,502929687.5
707519531.25,274902343.75,561132812.5
1037597656.25,274902343.75,502929687.5
1037597656.25,107128906.25,561132812.5
1207519531.25,174902343.75,702929687.5
1207519531.25,207128906.25,702929687.5
1207519531.25,174902343.75,761132812.5
537597656.25,174902343.75,702929687.5
537597656.25,207128906.25,761132812.5
1332519531.25,199902343.75,552929687.5
1332519531.25,232128906.25,552929687.5
1332519531.25,199902343.75,711132812.5
912597656.25,199902343.75,552929687.5
912597656.25,232128906.25,711132812.5
832519531.25,299902343.75,752929687.5
832519531.25,132128906.25,752929687.5
832519531.25,299902343.75,511132812.5
1412597656.25,299902343.75,752929687.5
1412597656.25,132128906.25,511132812.5
1082519531.25,249902343.75,452929687.5
1082519531.25,282128906.25,452929687.5
1082519531.25,249902343.75,411132812.5
1162597656.25,249902343.75,452929687.5
1162597656.25,282128906.25,411132812.5
582519531.25,149902343.75,652929687.5
582519531.25,182128906.25,652929687.5
582519531.25,149902343.75,611132812.5
662597656.25,149902343.75,652929687.5
662597656.25,182128906.25,611132812.5
1020019531.25,137402343.75,527929687.5
1020019531.25,144628906.25,527929687.5
1020019531.25,137402343.75,486132812.5
600097656.25,137402343.75,527929687.5
600097656.25,144628906.25,486132812.5
520019531.25,237402343.75,727929687.5
520019531.25,244628906.25,727929687.5
520019531.25,237402343.75,686132812.5
1100097656.25,237402343.75,727929687.5
1100097656.25,244628906.25,686132812.5
1270019531.25,287402343.75,427929687.5
1270019531.25,194628906.25,427929687.5
1270019531.25,287402343.75,786132812.5
1350097656.25,287402343.75,427929687.5
1350097656.25,194628906.25,786132812.5
770019531.25,187402343.75,627929687.5
770019531.25,294628906.25,627929687.5
770019531.25,187402343.75,586132812.5
850097656.25,187402343.75,627929687.5
850097656.25,294628906.25,586132812.5
645019531.25,162402343.75,477929687.5
645019531.25,269628906.25,477929687.5
645019531.25,162402343.75,536132812.5
725097656.25,162402343.75,477929687.5
725097656.25,269628906.25,536132812.5
1145019531.25,262402343.75,677929687.5
1145019531.25,169628906.25,677929687.5
1145019531.25,262402343.75,736132812.5
1225097656.25,262402343.75,677929687.5
1225097656.25,169628906.25,736132812.5
895019531.25,212402343.75,577929687.5
895019531.25,219628906.25,577929687.5
895019531.25,212402343.75,636132812.5
1475097656.25,212402343.75,577929687.5
1475097656.25,219628906.25,636132812.5
1395019531.25,112402343.75,777929687.5
1395019531.25,119628906.25,777929687.5
1395019531.25,112402343.75,436132812.5
975097656.25,112402343.75,777929687.5
975097656.25,119628906.25,436132812.5
1223144531.25,109277343.75,496679687.5
1223144531.25,185253906.25,496679687.5
1223144531.25,109277343.75,717382812.5
865722656.25,109277343.75,496679687.5
865722656.25,185253906.25,717382812.5
723144531.25,209277343.75,696679687.5
723144531.25,285253906.25,696679687.5
723144531.25,209277343.75,517382812.5
1365722656.25,209277343.75,696679687.5
1365722656.25,285253906.25,517382812.5
1473144531.25,259277343.75,596679687.5
1473144531.25,135253906.25,596679687.5
1473144531.25,259277343.75,417382812.5
1115722656.25,259277343.75,596679687.5
1115722656.25,135253906.25,417382812.5
973144531.25,159277343.75,796679687.5
973144531.25,235253906.25,796679687.5
973144531.25,159277343.75,617382812.5
615722656.25,159277343.75,796679687.5
615722656.25,235253906.25,617382812.5
598144531.25,184277343.75,546679687.5
598144531.25,210253906.25,546679687.5
598144531.25,184277343.75,667382812.5
990722656.25,184277343.75,546679687.5
990722656.25,210253906.25,667382812.5
1098144531.25,284277343.75,746679687.5
1098144531.25,110253906.25,746679687.5
1098144531.25,284277343.75,467382812.5
1490722656.25,284277343.75,746679687.5
1490722656.25,110253906.25,467382812.5
848144531.25,234277343.75,446679687.5
848144531.25,260253906.25,446679687.5
848144531.25,234277343.75,567382812.5
1240722656.25,234277343.75,446679687.5
1240722656.25,260253906.25,567382812.5
1348144531.25,134277343.75,646679687.5
1348144531.25,160253906.25,646679687.5
1348144531.25,134277343.75,767382812.5
740722656.25,134277343.75,646679687.5
740722656.25,160253906.25,767382812.5
785644531.25,146777343.75,571679687.5
785644531.25,122753906.25,571679687.5
785644531.25,146777343.75,542382812.5
553222656.25,146777343.75,571679687.5
553222656.25,122753906.25,542382812.5
1285644531.25,246777343.75,771679687.5
1285644531.25,222753906.25,771679687.5
1285644531.25,246777343.75,742382812.5
1053222656.25,246777343.75,771679687.5
1053222656.25,222753906.25,742382812.5
535644531.25,296777343.75,471679687.5
535644531.25,172753906.25,471679687.5
535644531.25,296777343.75,642382812.5
1303222656.25,296777343.75,471679687.5
1303222656.25,172753906.25,642382812.5
1035644531.25,196777343.75,671679687.5
1035644531.25,272753906.25,671679687.5
1035644531.25,196777343.75,442382812.5
803222656.25,196777343.75,671679687.5
803222656.25,272753906.25,442382812.5
1410644531.25,171777343.75,421679687.5
1410644531.25,297753906.25,421679687.5
1410644531.25,171777343.75,492382812.5
678222656.25,171777343.75,421679687.5
678222656.25,297753906.25,492382812.5
910644531.25,271777343.75,621679687.5
910644531.25,197753906.25,621679687.5
910644531.25,271777343.75,692382812.5
1178222656.25,271777343.75,621679687.5
1178222656.25,197753906.25,692382812.5
1160644531.25,221777343.75,521679687.5
1160644531.25,247753906.25,521679687.5
1160644531.25,221777343.75,792382812.5
1428222656.25,221777343.75,521679687.5
1428222656.25,247753906.25,792382812.5
660644531.25,121777343.75,721679687.5
660644531.25,147753906.25,721679687.5
660644531.25,121777343.75,592382812.5
928222656.25,121777343.75,721679687.5
928222656.25,147753906.25,592382812.5
1254394531.25,115527343.75,509179687.5
1254394531.25,254003906.25,509179687.5
1254394531.25,115527343.75,604882812.5
1146972656.25,115527343.75,509179687.5
1146972656.25,254003906.25,604882812.5
754394531.25,215527343.75,709179687.5
754394531.25,154003906.25,709179687.5
754394531.25,215527343.75,404882812.5
646972656.25,215527343.75,709179687.5
646972656.25,154003906.25,404882812.5
1004394531.25,265527343.75,409179687.5
1004394531.25,204003906.25,409179687.5
1004394531.25,265527343.75,504882812.5
896972656.25,265527343.75,409179687.5
896972656.25,204003906.25,504882812.5
504394531.25,165527343.75,609179687.5
504394531.25,104003906.25,609179687.5
504394531.25,165527343.75,704882812.5
1396972656.25,165527343.75,609179687.5
1396972656.25,104003906.25,704882812.5
879394531.25,190527343.75,459179687.5
879394531.25,129003906.25,459179687.5
879394531.25,190527343.75,754882812.5
1021972656.25,190527343.75,459179687.5
1021972656.25,129003906.25,754882812.5
1379394531.25,290527343.75,659179687.5
1379394531.25,229003906.25,659179687.5
1379394531.25,290527343.75,554882812.5
521972656.25,290527343.75,659179687.5
521972656.25,229003906.25,554882812.5
629394531.25,240527343.75,559179687.5
629394531.25,179003906.25,559179687.5
629394531.25,240527343.75,454882812.5
771972656.25,240527343.75,559179687.5
771972656.25,179003906.25,454882812.5
1129394531.25,140527343.75,759179687.5
1129394531.25,279003906.25,759179687.5
1129394531.25,140527343.75,654882812.5
1271972656.25,140527343.75,759179687.5
1271972656.25,279003906.25,654882812.5
